{"rxn_expressions": ["CO_g + *_s -> CO_s", "O2_g + 2*_s -> 2O_s", "CO_s + O_s <-> CO-O_2s -> CO2_g + 2*_s"], "gas_names": ["CO2_g", "CO_g", "O2_g"], "steady_state_coverages": [2.0806202749607836e-08, 0.3191730516475549], "adsorbate_names": ["CO_s", "O_s"], "TOFs": [8.109402976665326, -8.109402976665328, -4.054701488332664], "reversibilities": [3.3561773310856484e-14, 1.0951737794196586e-10, 1.1169176272015019e-14]}